level	AttackPower	AttackSpeed	AttackRange	EnhanceAbility
0	3~15/6~30/9~50	30/3	5/0.2	
1	3~15/6~30/9~50	35/4	5/0.2	
2	4~16/7~31/10~51	35/4	5/0.2	공격력 10% 증가
3	4~16/7~31/10~51	35/4	5.2/0.2	
4	5~17/8~32/11~52	35/4	5.2/0.2	
5	5~17/8~32/11~52	40/5	5.2/0.2	추가 발사 쿨타임 10% 감소
6	6~18/9~33/12~53	40/5	5.2/0.2	
7	6~18/9~33/12~53	40/5	5.5/0.2	
8	6~18/9~33/12~53	40/5	5.5/0.2	[각성] 6번 탄을 발사할때마다 4빙향으로 발사
9	7~19/10~34/13~54	40/5	5.5/0.2	
10	7~19/10~34/13~54	45/6	5.5/0.2	
11	7~19/10~34/13~54	45/6	5.8/0.2	[각성] 스킬 발동 시 7방향으로 발사
12	8~20/11~35/14~55	45/6	5.8/0.2	
13	8~20/11~35/14~55	45/6	5.8/0.2	
14	8~20/11~35/14~55	50/7	5.8/0.2	공격력 10% 증가 + 공격속도 10% 증가